Metric,Average Score
Helpfulness,4.666666666666667
Clarity,4.666666666666667
Respectfulness,5.0
Pushiness,1.0
Use Again,4.666666666666667
